mode,lang,exact_match,token_f1,fuzzy_match,evidence_faithfulness,explanation_faithfulness,provided_evidence
direct,xquad.ar,0.2,0.292510101010101,0.4470081081756137,0.11613608655315152,0.09288641531164267,0.91
direct,xquad.de,0.37,0.4489378399378399,0.6056549142496269,0.2415771640442474,0.14966903702285606,0.95
direct,xquad.en,0.43,0.5601167563667563,0.6471637552762646,0.2661318684422396,0.25713463034131007,0.93
direct,xquad.es,0.28,0.43322264663441135,0.5782291013780434,0.2237870039137668,0.15094344627981734,0.93
direct,xquad.tr,0.17,0.2511967966673849,0.44615692136499946,0.2122327017100641,0.16860569293929145,0.89
modular,xquad.ar,0.2,0.292510101010101,0.4470081081756137,0.11613608655315152,0.09288641531164267,0.91
modular,xquad.de,0.37,0.4489378399378399,0.6056549142496269,0.2415771640442474,0.14966903702285606,0.95
modular,xquad.en,0.43,0.5601167563667563,0.6471637552762646,0.2661318684422396,0.25713463034131007,0.93
modular,xquad.es,0.28,0.43322264663441135,0.5782291013780434,0.2237870039137668,0.15094344627981734,0.93
modular,xquad.tr,0.17,0.2511967966673849,0.44615692136499946,0.2122327017100641,0.16860569293929145,0.89
